LCode,District,Area,Percentage_of_economically_active_population,Percentage_of_households_with_household_assets,Percentage_of_households_with_television_access,Percentage_of_households_that_are_female_owned,Percentage_of_households_with_land_owned_by_female,Percentage_of_population_who_only_completed_school_leaving_certificate_(SLC),Percentage_of_population_who_completed_college_degree,Percentage_of_employed_in_transportation,_communication,_and_other_public_utilities,Percentage_of_employed_in_accommodation_and_food_services,Percentage_of_employed_in_public_administration,_defense,_and_social_security,Percentage_of_employed_in_trade_and_commerce,Percentage_of_households_with_access_to_internet,Percentage_of_households_with_Cement_bonded_bricks/_stone_foundation,Percentage_of_households_with_Reinforced_Cement_Concrete_with_pillars_foundation,Percentage_of_households_with_Covered_well/kuwa,Percentage_of_households_with_Jar/bottle,Percentage_of_households_with_Electricity_lighting,Percentage_of_households_with_Solar_lighting,Percentage_of_households_with_Bio_gas_lighting,Total_Male,Total_Female,Household_Count_Change_(2011-2021),Population_Change_(2011-2021),Acute_Gastro-Enteritis_(AGE)_Cases,Ameobic_Dysentery/Amoebiasis_Cases,Bacillary_Dysentery/Shigellosis_Cases,Cholera_Cases,Hepatitis_A_Cases,Hepatitis_E_Cases,Intestinal_Worms_Cases,Jaundice_Cases,Presumed_Non-Infectious_Diarrhoea_Cases,Typhoid_(Enteric_Fever)_Cases,Volume_Depletion_(Dehydration)_Cases,Conjunctivitis_Cases,Acute_Encephalitis_like_Syndrome_(AES)_Cases,Dengue_Fever_Cases,Kala-Azar/Leshmaniasis_Cases,Malaria_(Plasmodium_Falciparum)_Cases,Malaria_(Plasmodium_Vivax)_Cases,Acute_Flaccid_Paralysis_(AFP)_Cases,Anaemia/Polyneuropathy_Cases,Avitaminoses_&_Other_Nutrient_Deficiency_Cases,Population_density,Sex_ratio_(male:_100_females),Average_number_of_people_per_household_(family_size),Percentage_of_religious_minority_population,Percentage_of_absentee_population,Number_of_male_migrants,Number_of_physically_disabled_persons,Number_of_adolescent_population_(10-19_years)_(vulnerable_group),Percentage_of_population_<_5_years,Number_of_infants_(vulnerable_group),Number_of_women_of_reproductive_age_(15-45_years)_(vulnerable_group),Number_of_girls_and_women_above_age_15,Number_of_girls_under_age_15,Number_of_boys_under_age_15,Percentage_of_female-headed_households,Percentage_fo_dalit_population,Percentage_of_indigenous_people,Percentage_of_families_occupying_rented_houses,Percentage_of_population_who_cannot_read_and_write_(illiteracy),Percentage_of_employed_in_agriculture,_forestry,_fishing,_mining,_and_quarrying,Percentage_of_employed_in_manufacturing_and_construction,Percentage_of_households_without_access_to_communication_and_transportation_means_(no_amenities),Percentage_of_households_without_electricity,Percentage_of_population_without_access_to_(improved)_sanitation_(e.g.,_Toilet),Percentage_of_households_that_use_firewood_as_fuel_source,Percentage_of_households_with_Mud_bonded_bricks/_stone_foundation,Percentage_of_households_with_Wooden_pillars_foundation,Percentage_of_households_with_Other_foundation,Percentage_of_households_with_Tap/piped_water_(outside_premises),Percentage_of_households_with_Uncovered_well/kuwa,Percentage_of_households_with_Spout_water*,Percentage_of_households_with_River_/stream,Percentage_of_households_with_Other_Drinking_Water,Percentage_of_households_with_Kerosene_lighting,Percentage_of_households_with_Other_lighting,Total_expected_live_birth,Total_expected_pregnancies,Median_Slope,Median_Elevation,Burnt_area,Number_of_flood_incidence,Number_of_landslide_incidence,Number_of_windstorm_incidence,Number_of_lightning_incidence,Number_of_fire_incidence,Number_of_household_damaged_by_flood,Number_of_household_damaged_by_landslide,Number_of_death_by_fire,Number_of_death_by_storms,Consecutive dry days,Cold spell during indicator,Consecutive wet days,Diurnal temperature range,Growing season length,Annual total wet-day precipitation,Number of heavy precipitation days,Number of very heavy precipitation days,Very wet days,Extremely wet days,Max 1-day precipitation amount,Max 5-day precipitation amount,Simple daily intensity index,Warm nights,Min Tmin,Max Tmin,Cool days,Warm days,Min Tmax,Max Tmax,Warm spell duration indicator
60601,Dailekh,Naumule Gaunpalika,0.455387205,0.347117794,0.073820916,0.633136095,0.631016043,0.088679245,0,0.089655172,0,0,0.330112721,0,0.427020507,0.1187251,0.003401361,0,0.128469276,0.882236517,0.285714286,0.231921534,0.190593505,0.464183381,0.311937197,0.26610791,0.659711075,0.312605042,0.03030303,0.076923077,0,0.33361558,0.252669039,0.413176711,0.208071385,0.069124424,0.239909039,0,1,0,0,0,0,0.112676056,0.019417476,0,0.330174949,1,1,0.066032519,0.038529935,0.120597652,0.233962906,0.170731707,0.261904762,0.215245902,0.179289026,0.207232568,0.221325404,0.359676416,0,1,0.308666018,0.291713961,0.810393829,0.483113069,0.652882206,0.128469276,0.43772242,0.752945957,0.774432379,0.152542373,0,1,0.003516999,0,0,0.527777778,0.25443787,0.196363636,0.28358209,0.282722513,1,1,0.011682243,0.8,0.533333333,0,0.192307692,0.2,1,0.25,0.2,0,0.173457138,1,0.324300305,0,0,0.546606301,0.860504554,0.181795728,0,0.038963337,0.053628384,0.069343525,0.045824654,0.107206662,0.554188512,0.227211447,1,0.490151745,0.067176479,0.391834521,0.644757213
60602,Dailekh,Mahabu Gaunpalika,0.163299663,0.569548872,0.245044429,0.307692308,0.520499109,0.601886792,0.197115385,0.206896552,0.22875817,0.278947368,0.420289855,0.532605204,0.121833534,0.013545817,0.93877551,0.076923077,0.386013817,0.604032657,0.428571429,0.122336157,0.160806271,0.320916905,0.28815516,0.100401606,0.662386303,0.285154062,0.121212121,0.384615385,0,0.445385267,0.071174377,0.180183861,0.367572501,0.10875576,0.082717453,1,0,0,0,0,0,0.051643192,0.38592233,0.371221961,0.997090768,1,0.287264834,0.838292224,0.01659751,0.160085379,0.160456015,0.512195122,0.206845238,0.143114754,0.136844608,0.208531832,0.206669499,0.768512757,0.29787234,0.445273632,0,0.24631101,0.572066585,0.741556535,0.430451128,0.386013817,0.782918149,0.781796018,0.96248766,0.186440678,0,0.617075665,0.242672919,0.199788304,0.078014184,0.833333333,0.106508876,0.741818182,0.202321725,0.204188482,0.563002025,0.410471204,0.007009346,1,0.733333333,1,1,1,0.05,1,1,1,0.047010834,0.461871861,0.425501612,0.326483291,0.493634801,0.997591071,1,1,0.329061408,0.175079154,0.2977369,0.387880355,0.655628483,0.186596996,0,0.5955556,0.481345725,0.639664626,0.066675634,1,0.185747832
60603,Dailekh,Bhairabi Gaunpalika,0.071548822,0.718671679,0.053656869,0.307692308,0.434937611,0,0.430288462,0.406896552,0.307189542,0.289473684,0.702093398,0.153549631,0.234016888,0.098804781,1,0.128205128,0.190885953,0.824591786,0.285714286,0.151047704,0.189622994,0.146131805,0,0.075257552,0.273943285,0,0.037878788,0,0,0.066892464,0.017793594,0,0.050496857,0.244239631,0,0,0,0,0,0,0,0.014084507,0.148058252,0.404636549,1,0,0.143270622,1,0.050978068,0.421558164,0.21371448,0.780487805,0.34375,0.146885246,0.132921175,0.28995236,0.269116398,1,0.460992908,0.13681592,0.111002921,0.608399546,0.485180674,0.550660793,0.281328321,0.190885953,0.512455516,0.649329541,0.870681145,0.076271186,0,0.462338105,1,0.659169092,0.283687943,0.25,0.124260355,0.098181818,0.218905473,0.219895288,0.21404438,0.180104712,0.037383178,0.3,0,0,0.076923077,0.05,0.05,0,0.2,0,0,0.663988968,0.285013826,0.537329579,0.79566706,0.750314988,0.621718808,0.592064311,0.351119722,0.147678126,0.25997641,0.353826599,0.538103024,0.353647605,0.085938273,0.429566182,0.153641289,0.674326688,0.344761769,0.551240827,0.219313256
60604,Dailekh,Thantikandh Gaunpalika,0.741582492,0,0,0.029585799,0,0.181132075,0.382211538,0,0.104575163,0.105263158,0,0.250883392,0,0.052589641,0.023809524,0,0,1,0.714285714,0.181899242,0.129003359,0.461318052,0.432001847,0.147197486,0.555377207,0.480672269,0.204545455,0.230769231,0,0,0.170818505,0.084167518,0.114277023,0.632258065,0.080159181,0,0,0,0,0,0,0.143192488,0.004854369,0.586176694,0.181272174,1,0.23878437,0.422409026,0,0.127001067,0.275820997,1,0.260416667,0.095245902,0.040304363,0.28064097,0.306287171,0.266334785,0.567375887,0.052238806,0.027263875,1,1,0,1,0,0.832740214,0.931735067,1,0,0,0.811008862,0.124267292,0.229425774,1,1,0.579881657,0.385454545,0.311774461,0.307591623,0.675915471,0.461780105,0.011682243,0.1,0.066666667,0.333333333,0.038461538,0.05,0,0.015625,0.4,0.5,0.297388692,0.026258578,0,1,0.388362878,0.376958542,0,0.207722252,0.564704144,0.264074822,0.767254567,0.52503364,0.615192599,0.745804285,0.302278772,0.120791661,0.004695167,0.2169053,1,0.094307706,0.190353604
60605,Dailekh,Aathbis Municipality,0.511784512,0.486842105,0.046138072,0,0.126559715,0.052830189,0.538461538,0.303448276,0.738562092,0.163157895,0.344605475,0.306778028,0.144752714,0.047808765,0.112244898,0,0.043631075,0.925903018,0.428571429,0.745430227,0.612094065,0.974212034,1,0.430417321,1,1,0.340909091,0.923076923,0,0.787891617,0.306049822,0.237997957,0,1,0.232802729,0,0,0,0,0.1,0,1,0.138349515,0.478133918,0.118088453,1,0.154848046,0.386904104,0.133965619,0.586979723,0.822868811,0.802168022,0.751488095,0.619344262,0.517417667,0.776093547,0.83028887,0.097697573,1,0.164179104,0.218111003,0.679909194,0.800649614,0.187958884,0.513157895,0.043631075,1,0.679804957,0.928923988,0.220338983,0.428571429,0.759713701,0.308323564,0.129928553,0.886524823,0.083333333,1,1,0.815920398,0.811518325,0.69484433,0.085863874,1,0.3,0.8,0,0,0,0.2,0.125,0,0,0.507192445,0.445149115,0.162422186,0.930410823,0.883506321,0,0.130126606,0,0.08409678,0,0.190339085,0,0.391655914,0.265738898,0.53131423,0,0.268754363,0,0.562025683,0,0
60606,Dailekh,Chamunda Bindrasaini Municipality,0.152356902,0.234962406,0.011961722,0.088757396,0.085561497,0.28490566,0.475961538,0.4,0.62745098,0.047368421,0.397745572,0.128172181,0.063932449,0,0.081632653,0.102564103,0.060235123,0.946190005,0.285714286,0.546678556,0.440089586,0.41260745,0.664049873,0.245503754,0.943285179,0.378151261,0.045454545,0,0,0.349703641,0,0.117466803,0.166801866,0.169585253,0.287379193,0,0,0,0,0,0,0.084507042,0.029126214,1,0.123383971,1,0.243125904,0.310032076,0.061055127,0.247598719,0.562872214,0.804878049,0.638392857,0.408852459,0.358578053,0.582503248,0.580926083,0.077784692,0.773049645,0.10199005,0.040895813,0.464245176,0.58546488,0.765051395,0.765037594,0.060235123,0.711743772,0.774888257,0.994076999,0.169491525,0.571428571,0.361792774,0.271981243,0.612066684,0.219858156,0,0.846153846,0,0.608623549,0.60078534,0.228176098,0.009424084,0.151869159,0.1,0.333333333,0,0.153846154,0,0,0.515625,0,0,0.034650004,0.484167699,1,0.759825899,1,0.70135126,0.345994149,0.274561243,0.608579515,0.538657692,0.527934505,0.564865974,0.29075343,0.706822097,0.650733395,0.675681904,0.215747352,0.726065084,0.69930796,0.693515247,0.859405152
60607,Dailekh,Dullu Municipality,0.227272727,0.447368421,0.213943951,0.112426036,0.472370766,0.088679245,0.314903846,0.372413793,0.326797386,0.242105263,0.497584541,0.24702859,0.139927624,0.156175299,0.602040816,0,0.471336808,0.519173676,1,1,1,1,0.015931656,0.326872708,0.562867844,0.97254902,1,1,0,1,1,1,1,0.185253456,0.473848778,0,0,0.05,1,1,1,0.26056338,0.983009709,0.79001817,0.854802048,0,0,0.919699148,0.125074096,1,1,0.612466125,1,1,1,1,1,0.788425638,0.617021277,0.004975124,0.085686465,0.570942111,0.615509541,0.580029369,0.552631579,0.471336808,0.597864769,0.82121089,0.866238894,0.177966102,0.285714286,0.346284935,0.181711606,1,0.113475177,0.222222222,0.272189349,0.56,1,1,0,0,0.037383178,0.1,1,0,0.076923077,0.15,0.05,0.234375,0,0,0.058861294,0.568032681,0.313507418,0.659355785,0.916622991,0.744067721,0.454503939,0.441207612,0.40794632,0.500877862,0.492589165,0.551962645,0.338997466,0.636314608,0.473159231,0.725053061,0.166120245,0.773323783,0.520174166,0.602523141,0.348244234
60608,Dailekh,Narayan Municipality,0.171717172,0.88283208,1,1,1,1,1,1,1,1,1,1,1,1,0.159863946,0.076923077,0.877469398,0.118629391,0.285714286,0.473918859,0.467562523,0.747851003,0.355576079,1,0.329588015,0.794397759,0.090909091,0.384615385,1,0.83911939,0.370106762,0.907865169,0.33380653,0.036866359,1,0,0,0.2,0.166666667,0.3,0,0.333333333,1,0.723824529,0.719454532,0,0.15195369,0.565534786,1,0.547491996,0.392206908,0.029810298,0.369047619,0.557868852,0.537629295,0.341489822,0.397621071,0.817672682,0.397163121,0.300995025,1,0.141884222,0,1,0.11716792,0.877469398,0.466192171,0,0,0.042372881,0.285714286,0.286468984,0.073856975,0.313045779,0.773049645,0.055555556,0.25443787,0.174545455,0.323383085,0.329842932,0.168086912,0.106806283,0,0.4,0.466666667,0,0.346153846,0.15,0.15,0.15625,0,0,0.047010834,0.461871861,0.425501612,0.326483291,0.493634801,0.997591071,1,1,0.329061408,0.175079154,0.2977369,0.387880355,0.655628483,0.186596996,0,0.5955556,0.481345725,0.639664626,0.066675634,1,0.185747832
60609,Dailekh,Bhagawatimai Gaunpalika,0,0.90726817,0.04784689,0.25443787,0.509803922,0.403773585,0.175480769,0.234482759,0.019607843,0.442105263,0.399355878,0.127850948,0.295536791,0.011952191,0.010204082,1,0.084959399,0.92936665,0.428571429,0.18965671,0.1154162,0,0.437312399,0.101449275,0.573033708,0.315406162,0.037878788,0,0,0.484335309,0.046263345,0.409193054,0.01906307,0.231336406,0.148664014,0,0,0,0,0,0,0.004694836,0.152912621,0.164265385,0,1,0.116497829,0,0.126259632,0.161152615,0.236004764,0.303523035,0.203869048,0.125245902,0.089525621,0.15807709,0.215165675,0,0.929078014,0,0.11781889,0.311010216,0.748680471,0.296622614,0.09273183,0.084959399,0.202846975,1,0.899802567,0.042372881,0.428571429,0.457055215,0.032825322,0.10796507,0.028368794,0.694444444,0.195266272,0.152727273,0.202321725,0.206806283,0.618687319,0.610471204,0.102803738,0,0.733333333,0,0.115384615,0,0,0.609375,0,0,0.182089233,0.79232282,0.796653188,0.053996899,0.27256964,0.619363604,0.915714587,0.140485282,0.036680549,0.047032232,0,0.083808964,0,0,0.330178829,0.063414833,0.762992229,0.438865684,0,0.162162035,0.914158168
60610,Dailekh,Dungeshwor Gaunpalika,0.793771044,0.947994987,0.398496241,0.704142012,0.832442068,0.509433962,0.288461538,0.4,0.640522876,0.394736842,0.281803543,0.602634115,0.348612786,0.243027888,0.081632653,0,1,0,0,0,0,0.23495702,0.257677211,0,0,0.112044818,0,0,0,0.037256562,0.010676157,0.287129724,0.348205232,0,0.101478113,0,0,1,0,0.1,0,0,0,0.251302884,0.539550355,0,0.473227207,0.436677359,0.229401304,0,0,0,0,0,0,0,0,0.550715619,0.241134752,0.432835821,0.259980526,0.022701476,0.785627284,0.13215859,0.052005013,1,0,0.739130435,0.732971372,0.076271186,0.428571429,0.062542604,0.226260258,0.430272559,0.191489362,0.25,0,0.149090909,0,0,0.59960725,0.209424084,0.691588785,0.3,0.266666667,0,0.269230769,0.1,0.15,0.359375,0.6,0,1,0,0.73526658,0.387876642,0.341830062,1,0.806525063,0.784678835,0.438547117,0.437090539,0.65668336,0.710831474,1,0.50617656,0.148000681,0.649848204,0,1,0.166181059,0.18844219,0.740112939
60611,Dailekh,Gurans Gaunpalika,1,1,0.205741627,0.207100592,0.449197861,0.435849057,0.060096154,0.751724138,0.633986928,0.2,0.006441224,0.116929007,0.143546441,0.010358566,0,0,0.260210884,0.747278575,0,0.313152029,0.234714446,0.363896848,0.374509351,0.142308364,0.397003745,0.517647059,0.037878788,0.461538462,0,0.265029636,0.270462633,0.120429009,0.372439667,0.022119816,0.217453098,0,0,0,0.166666667,0,0,0.091549296,0.199029126,0.205119691,0.107277804,1,0.321273517,0.132949895,0.139300533,0.094983991,0.269865578,0.06504065,0.166666667,0.281803279,0.251218642,0.19748809,0.250849618,0.116365899,0.425531915,0.233830846,0.005842259,0,0.734876167,0.308370044,0,0.260210884,0.192170819,0.765948801,0.905231984,1,1,0,0,0.089177031,0.390070922,0.916666667,0.207100592,0.247272727,0.233830846,0.238219895,0.641782292,0.392670157,0.710280374,0,0.666666667,0,0.115384615,0,0,0.09375,0,0,0.498900059,0.256426001,0.931608514,0.6880076,0.27256964,0.822962644,0.526727426,0.357447146,1,1,1,1,0.529726555,1,1,1,0.333008474,0.865294905,0.596741312,0.780397496,1
20501,Sarlahi,Lalbandi Municipality,0.9500998,0.821748879,0.953793884,0.162962963,0.498977505,0.985010707,0.564013841,0.729016787,0.620689655,0.597315436,0.267830046,1,0.496051033,0.955528846,0.18380744,0.006756757,0,1,0,0.720703804,0.764819974,0.701048951,0.561730927,0.347437221,0.396064581,0.618648019,0.020304569,0.088235294,0,0.368698093,0.603036876,0.234404315,0.360642147,0.155982906,0.040262689,0,0.229508197,0.246753247,0,0,0,0.299798793,0.330357143,0,0.759341884,0,0.759895322,0.701184641,1,0.702492212,0.633730975,0,0.498738436,0.842203613,0.914005438,0.458388963,0.490368683,0.96640224,0.412903226,0.976798144,0.677876106,0,0.751738123,0.246730602,0.178251121,0,0.024934383,0.181784038,0.793774319,0.294270833,0.109375,0.436663234,0.419082126,0.125730994,0.866666667,0.059322034,0.154255319,0.018390805,0.526890756,0.529369628,1,1,1,0.276595745,0,0.8,0,0.150684932,0.106719368,0,0.25,0,0.735812133,0.168792763,0.761063147,0.939761135,0.416464576,0.868525573,0.977399966,1,0.835175996,0.949852414,0.883103084,0.905976526,0.892715311,0.101439709,0.327727769,0.096685793,0.037200471,0.082688359,0.107545962,0.221331326,0
20502,Sarlahi,Hariwan Municipality,0.672654691,0.840807175,1,0.351851852,0.969325153,0.922912206,0.612456747,1,0.632183908,0.33557047,0.507587253,0.869038885,0.509113001,1,0.870897155,0.398648649,0.8640625,0.126959248,0.041666667,0.42589888,0.484360123,0.527622378,0.463289582,1,0.328203835,0.213986014,0.164974619,0.088235294,0,0.778921511,1,0.475257974,1,0.662393162,1,1,1,0.454545455,0.259259259,0.411764706,0,0.64084507,0.142387218,0.162259417,1,0.5,1,1,0.652298493,0.40576324,0.359605101,0.159793814,0.400336417,0.544466745,0.591405875,0.26846907,0.275062138,0.96640224,0,0.774941995,0.488495575,0.105120248,0.570973349,0.392327812,0.159192825,0.8640625,0,0,0.217120623,0.415464744,0.146484375,0.606934432,1,0.84502924,0.466666667,0.217514124,0.143617021,0.029885057,0.268067227,0.267191977,0.533593826,0.433862434,0.151006711,0.063829787,0,0,0.1875,0.178082192,0.010979359,0,0.75,0,0.281800391,0.045257748,1,0.96006712,0.210273988,1,1,0.84851749,1,1,0.952200001,1,1,0,0.025843417,0,0.094062968,0.007009092,0.025197719,0,0.02108274
20503,Sarlahi,Bagmati Municipality,1,0.752242152,0.739297848,0.088888889,0.773006135,0.550321199,0.147058824,0.597122302,0.327586207,0.11409396,0,0.577402788,0.451701094,0.838341346,1,0.047297297,0.1453125,0.418495298,0.208333333,0.377564504,0.431745248,0.753146853,0.529224774,0.019378512,0,0,0.002538071,0,0,0.050649199,0.002169197,0.271341463,0,0.248931624,0.047689192,0,0,0.012987013,0,0,0.45,0.189134809,0.108082707,0.123680676,0.987152602,0,0.900556101,0.861928105,0.936962751,0.56152648,0.320444262,0.144329897,0.354079058,0.494221053,0.530575252,0.234089898,0.227526926,1,0.225806452,1,0.17699115,0.198215671,1,0.200523104,0.247757848,0.1453125,0.542650919,0.321690141,0.496498054,0.428685897,0.212890625,1,0.827294686,0.225146199,0.466666667,0.460451977,1,0.285057471,0.201680672,0.203438395,0.137539026,0.211640212,0.015100671,0.234042553,0,0.2,0.1875,0.105022831,0.405797101,0,1,0,1,0,0.516209044,1,0,0.96535763,0.802767472,0.499835733,0.959263602,0.997753267,1,0.989437714,0.914749733,0.042355947,0,0.083618411,0.223584981,0.314624013,0,0.504246537,0.119595087
20504,Sarlahi,Barahathawa Municipality,0.422488357,0.688340807,0.657757644,0.540740741,0.325153374,0.374732334,0.439446367,0.383693046,0.304597701,0.241610738,0.45599393,0.382245048,0.47417983,0.459735577,0.019693654,0.222972973,0.940625,0.056426332,0,1,1,1,1,0.366471735,0.294904137,0.61025641,0.949238579,0.058823529,0,0.628611534,0.481561822,0.624530957,0.367500754,0.461538462,0.068434297,0,0.032786885,0.116883117,0.111111111,0,0,0.560362173,0.43656015,0.316799259,0.444134271,0.5,0.133464181,0.396446078,0.671982061,0.710280374,1,0.615979381,1,1,1,1,1,0.486234251,0.55483871,0.208816705,0.205309735,0.502715283,0.636442642,0.512641674,0.311659193,0.940625,0.277559055,0.637183099,0.473929961,0.546875,0.19921875,0.102643323,0.009661836,0.014619883,0,0.13559322,0.026595745,0.073563218,1,1,0.06170969,0.084656085,0,0.276595745,0,0.2,0,0.182648402,0.909530083,0,0.75,0,0.309197652,0.334602846,0.248821529,0.916481089,0.385192536,0.570397103,0.383090055,0.011760095,0.817964008,0.747579266,0.753485457,0.651366454,0.179244125,0.294284751,0.631147693,0.484658177,0.355929652,0.779506268,0.181223522,0.223408022,0.198334272
20505,Sarlahi,Haripur Municipality,0.572188955,0.618834081,0.719592299,0.551851852,0.044989775,0.3875803,0.242214533,0.395683453,0.287356322,0.261744966,0.273141123,0.337857667,0.260631835,0.611778846,0,0.344594595,0.8171875,0.003134796,1,0.312400028,0.36125119,0.420629371,0.444626743,0.09333792,0.181130172,0.296969697,0,0,0,0.188443093,0.019522777,0.295966229,0.099788966,0.028846154,0.059903026,1,0,0.116883117,0,0.529411765,0.1,0.34305835,0.342575188,0.752351839,0.972172627,0.5,0.843637553,0.645629085,0.293509406,0.232087227,0.307116413,0.608247423,0.464255677,0.38916188,0.398144693,0.289052069,0.270194698,0.868408773,0.548387097,0.645011601,0.079646018,0.525601241,0.6103708,0.93809939,0.381165919,0.8171875,0.086614173,0.763755869,0.554085603,0.614383013,0.220703125,0.184346035,0.0102657,0.014619883,0,0.115819209,0.39893617,0.117241379,0.317647059,0.315902579,0.20174623,0.17989418,0.015100671,1,1,1,1,1,0.050944225,0,0.5,0,0.152641879,0.334602846,0.248821529,0.916481089,0.385192536,0.570397103,0.383090055,0.011760095,0.817964008,0.747579266,0.753485457,0.651366454,0.179244125,0.294284751,0.631147693,0.484658177,0.355929652,0.779506268,0.181223522,0.223408022,0.198334272
20506,Sarlahi,Ishworpur Municipality,0.652694611,0.729820628,0.80792752,0.703703704,0.294478528,0.561027837,0.230103806,0.402877698,0.454022989,0.234899329,0.328528073,0.431401321,0.160996355,0.486778846,0.039387309,0.027027027,0.95,0.034482759,0,0.752868767,0.801248369,0.635664336,0.701907301,0.419791308,0.676084763,0.965034965,0.591370558,0,0,0.51386127,0.106290672,0.513250469,0.334338257,0,0.080586755,0,0,0,0,0,1,1,0.546052632,0.091745536,0.781799344,0.5,0.468433104,0.796160131,0.542543914,1,0.785191279,0.31443299,0.580319596,0.841165479,0.870874873,0.658655986,0.641777133,0.698086794,0.458064516,0.6774942,0.153982301,0.392552366,0.697856315,0.533565824,0.270179372,0.95,0.016404199,0.772957746,0.59844358,0.713942308,0.185546875,0.590456574,0.46557971,0.801169591,0.733333333,0.423728814,0.010638298,0.101149425,0.681512605,0.681948424,0.437571705,0.317460317,0.679530201,0.14893617,1,0,0.375,0.063926941,0.021519543,1,0,0,0.504892368,0.168792763,0.761063147,0.939761135,0.416464576,0.868525573,0.977399966,1,0.835175996,0.949852414,0.883103084,0.905976526,0.892715311,0.101439709,0.327727769,0.096685793,0.037200471,0.082688359,0.107545962,0.221331326,0
20507,Sarlahi,Haripurwa Municipality,0.685296075,0.736547085,0.362627407,0.3,0.701431493,0.04496788,0.041522491,0.06235012,0.017241379,0.067114094,0.121396055,0.369038885,0.42709599,0.146634615,0.024070022,0.027027027,1,0.014106583,0,0.257319702,0.257749409,0.211888112,0.115463495,0.029239766,0.188446014,0.235897436,0.314720812,0,0,0.526377354,0,0.213180113,0.114712089,0.223290598,0.048793961,0.230769231,0,0,0,0,0,0.269617706,0.532894737,0.198605815,0.417875092,0.5,0.350343474,0.594566993,0.014077488,0.27258567,0.257836281,0.739690722,0.169049622,0.24790643,0.243375806,0.290832221,0.288111019,0.620158656,0.541935484,0.129930394,0.017699115,0.756012413,0.988122827,0.223190933,0.263452915,1,0.948818898,0.94084507,0.628793774,0.655448718,0.07421875,0.138345348,0.015700483,1,0.066666667,1,0,0.059770115,0.223529412,0.222063037,0.240332389,0.111111111,0.005033557,0.021276596,0,0,0,0,0,0,0,0,0.02739726,0.582175065,0.731805778,0.75925162,0.8512423,0.340100461,0.463713106,0.085780264,0.674355798,0.605504771,0.641480802,0.459168994,0.604115943,0.736827564,0.69711106,0.634909634,1,0,0.36503667,0.390671052,0.073681131
20508,Sarlahi,Parsa Gaunpalika,0.516300732,0.865470852,0.197055493,0.137037037,0,0.023554604,0.23183391,0.091127098,0.143678161,0.080536913,0.182094082,0.20029347,0.561360875,0.009014423,0.004376368,0,0.840625,0.017241379,0.5,0,0,0.18006993,0.082957342,0.142758858,0.167759839,0.161305361,0.535532995,0,0.615384615,0.222014271,0,0.042800188,0.018842327,0.280982906,0.011293193,0,0,0,0,0,0,0.07444668,0.062030075,0.501994016,0.375822769,0.5,0.472031403,0.675653595,0.009094307,0.063084112,0,0.731958763,0,0,0,0,0,0.508166122,0.406451613,0.194895592,0.100884956,0.595810706,0.784472769,0.540540541,0.134529148,0.840625,0.783464567,0.834178404,0.552529183,0.635216346,0.046875,0.020940611,0.001811594,0.026315789,0,0.497175141,0.191489362,0.181609195,0.015966387,0.01504298,0.20174623,0.047619048,0.043624161,0.021276596,0,0,0,0.0456621,0,0,0,0,0,0.84239659,0.741177893,0.868777128,0.748779657,0.248730343,0.211714652,0.109852977,0.572253524,0.435825902,0.375402227,0.361672588,0.378964129,0.690083386,0.732475991,0.68075413,0.643120403,0.385638291,0.42151401,0.723855944,0.362566021
20509,Sarlahi,Brahmapuri Gaunpalika,0.27744511,0.35426009,0.316874292,0.962962963,0.241308793,0.038543897,0.204152249,0.095923261,0.206896552,0.161073826,0.392261002,0.509904622,0.5027339,0,0.072210066,0.013513514,0.684375,0,0.458333333,0.118645247,0.139683323,0.200699301,0,0.075450063,0.700807265,0.649417249,0.30964467,0,0,0.630249152,0.075921909,0,0.133403678,0.596153846,0.099736083,0,0.032786885,0.012987013,0.296296296,0,0,0.660965795,1,0.427689872,0.721706062,0.5,0.496892378,0.766748366,0.012582534,0.138629283,0.130152201,0.863402062,0.201009251,0.142501211,0.140107693,0.136849132,0.125207125,0.84974335,0.696774194,0.208816705,0.037168142,0.75329713,0.730301275,0.49956408,0.64573991,0.684375,0.866141732,0.936150235,0.792996109,0.613782051,0.05859375,0.116031583,0.044082126,0.00877193,0,0.700564972,0.042553191,0.505747126,0.086554622,0.083094556,0.176839855,0.047619048,0.080536913,0.106382979,0,0,0,0.02283105,0.005709267,0,0.25,0,0.035225049,0.378526454,0.69946928,0.8642217,0.648739118,0.370698986,0.334596196,0.040747526,0.603147989,0.625669755,0.519708045,0.455786671,0.137612581,0.523924659,0.698126682,0.565952518,0.606874894,0.333453517,0.333875797,0.348127003,0.33393891
20510,Sarlahi,Chandranagar Gaunpalika,0.364604125,0.49103139,0.401585504,0.533333333,0.18609407,0.214132762,0.119377163,0.081534772,0.091954023,0.100671141,0.336115326,0.18488628,0.154617254,0.181490385,0.002188184,0.027027027,0.825,0.028213166,0.25,0.227693164,0.224106922,0.18986014,0.2085726,0.09952987,0.651614531,0.587878788,0.106598985,0,0,0.732366359,0.140997831,0.26629925,0.192417847,0.532051282,0.077026944,0,0,0.012987013,0,0.294117647,0.05,0.985915493,0.498590226,0.329389797,0.363791867,0.5,0.368334969,0.482434641,0.021053943,0.187694704,0.222706705,0.62628866,0.296888141,0.234341477,0.224556166,0.218736093,0.216445733,0.266448903,0.541935484,0.292343387,0.033628319,0.743987587,0.659038239,0.877942459,0.50896861,0.825,0.258530184,1,0.810116732,0.784455128,0,0.203226914,0.009057971,0.043859649,0.066666667,0.556497175,0.021276596,0.273563218,0.273109244,0.270773639,0.16724514,0.105820106,0,0,0,0.2,0,0.04109589,0,0,0,0,0.093933464,0.471136528,0.375912253,0.747951964,0.526552357,0.658278336,0.538604826,0.150434493,0.747947897,0.822610931,0.827158501,0.710095951,0.638143007,0.313062245,0.621688414,0.372551855,0.751808847,0.294194371,0.17032664,0.463410308,0.131846409
20511,Sarlahi,Kabilashi Municipality,0.281437126,0.704035874,0.581200453,0.940740741,0.36605317,0.064239829,0.252595156,0.127098321,0.183908046,0,0.415781487,0.257153338,0.500303767,0.513822115,0.035010941,0.209459459,0.8578125,0.007836991,0.166666667,0.357987343,0.349261205,0.21993007,0.033018868,0.150212132,0.035822402,0.372494172,0.398477157,0,0,0.146800795,0.462039046,0.261139775,0.150135665,0.074786325,0.020254097,0,0,0.597402597,0,0,0,0.208249497,0.518327068,0.423178614,0.327029868,0.5,0.144259078,0.514093137,0.010713841,0.102803738,0.36314274,0.613402062,0.359125315,0.341961381,0.348456576,0.351913663,0.336681856,0.469902007,0.858064516,0.09512761,0.118584071,0.797905353,0.814600232,0.169136879,0.295964126,0.8578125,0.673884514,0.642629108,0.540077821,0.515224359,0,0.136628905,0.060386473,0.029239766,0.133333333,0.34180791,0.132978723,0.213793103,0.401680672,0.401146132,0.106280768,0.084656085,0.001677852,0.127659574,0,0.4,0.0625,0.077625571,0.051822574,0,0.5,1,0.082191781,0.334602846,0.248821529,0.916481089,0.385192536,0.570397103,0.383090055,0.011760095,0.817964008,0.747579266,0.753485457,0.651366454,0.179244125,0.294284751,0.631147693,0.484658177,0.355929652,0.779506268,0.181223522,0.223408022,0.198334272
20512,Sarlahi,Chakraghatta Gaunpalika,0.47837658,0.64573991,0.533635334,0.540740741,0.259713701,0.190578158,0.261245675,0.071942446,0.057471264,0.161073826,0.328528073,0.571166544,0.345078979,0.144831731,0.172866521,0.216216216,0.778125,0.037617555,0.208333333,0.101815147,0.092287619,0,0.00533224,0.103887169,1,1,0.256345178,0,0,0.834834484,0.010845987,1,0.101899307,0.454059829,0.121708709,0,0.016393443,0.350649351,1,1,0.1,0.429577465,0.467105263,0.592237278,0.242976326,1,0.566241413,0.436683007,0.003861966,0.145638629,0.116988893,0.543814433,0.155592935,0.085334625,0.088873487,0.100689809,0.075393538,0.218385441,0.490322581,0.044083527,0.014159292,0.711792087,0.807358053,0.424585876,0.35426009,0.778125,0.385170604,0.747042254,0.904280156,0.634615385,0.1171875,0.056985925,0.035628019,0.029239766,0.533333333,0.697740113,0.627659574,0.073563218,0.1,0.100286533,0.06170969,0.052910053,0,0.382978723,0,0.2,0.125,0.04109589,0.156785244,0,0,0,0.003913894,0.445325926,0.368371129,0.921898692,0.675547141,0.258072723,0.11569276,0.017974697,0.520671784,0.529162777,0.44277906,0.319613965,0.066590726,0.65316705,0.83245145,0.736326284,0.36679465,0.879181984,0.482799568,1,0.770295025
20513,Sarlahi,Basbariya Gaunpalika,0.180971391,0.480941704,0.234201586,0,0.492842536,0.334047109,0.067474048,0.016786571,0,0.100671141,0.298179059,0.103081438,0,0.089543269,0.04595186,0.027027027,0.88125,0.130094044,0.583333333,0.037554767,0.028917022,0.08986014,0.081111567,0.067767458,0.129667003,0.264801865,0.317258883,0,0,0.202713768,0.14967462,0.439845216,0.168525776,0.064102564,0.075308415,0,0,0,0,0,0,0.287726358,0.614661654,0.397943358,0.227007793,1,0.014720314,0.35253268,0.046219011,0,0.023035788,0.608247423,0.091673675,0.038203336,0.036093192,0.016577659,0.010666943,0.144190387,0.625806452,0.013921114,0.015929204,0.884018619,0.98783314,0,0.519058296,0.88125,0.179133858,0.831737089,0.546303502,0.882411859,1,0,0.004227053,0.026315789,0.133333333,0,0.058510638,0.009195402,0.015966387,0.015759312,0.049961854,0.058201058,0,0.063829787,0,0,0,0.082191781,0.26438296,0,0,0,0.023483366,0.334602846,0.248821529,0.916481089,0.385192536,0.570397103,0.383090055,0.011760095,0.817964008,0.747579266,0.753485457,0.651366454,0.179244125,0.294284751,0.631147693,0.484658177,0.355929652,0.779506268,0.181223522,0.223408022,0.198334272
20514,Sarlahi,Dhanakaul Gaunpalika,0.321357285,0,0.01200453,0.066666667,0.891615542,0.029978587,0,0.055155875,0.212643678,0.134228188,0.352048558,0.283565664,0.030680437,0.326923077,0,0,0.2515625,0.401253918,0.208333333,0.078343417,0.060514159,0.181118881,0.168170632,0,0.10469223,0.228904429,0.147208122,0,0.307692308,0.256521231,0.00867679,0.394113508,0.157823334,0.242521368,0.026944086,0.230769231,0,0,0,0,0,0.407444668,0.384398496,0.218468479,0.093816735,0.5,0,0.111315359,0.006104398,0.164330218,0.064911559,0.858247423,0.210260723,0.050176483,0.048995042,0.080774366,0.07912179,0.051329911,1,0.023201856,0,1,0.841251448,0.336530078,1,0.2515625,1,0.823286385,0.087159533,1,0.0390625,0.054926193,0,0,0.266666667,0.228813559,0.877659574,0.204597701,0.078991597,0.078796562,0.033865943,0.042328042,0,0.255319149,0,0,0.0625,0.073059361,0.434782609,0,0.25,0,0.090019569,0.774092138,0.19193234,0.721372118,0.772153591,0.16137597,0.127229613,0,0.264270878,0.299277437,0.210588989,0.15447615,0,0.696301834,0.82700037,0.790214791,0.192526541,0.925011582,0.566275279,0.991758533,1
20515,Sarlahi,Ramnagar Gaunpalika,0.047238856,0.603139013,0,0.148148148,0.764826176,0.209850107,0.223183391,0.059952038,0.034482759,0.758389262,0.572078907,0,0.177399757,0.387620192,0.021881838,0.013513514,0.609375,0.15830721,0.5,0.142325614,0.115244913,0.091608392,0.112079573,0.108817796,0.149596367,0.12960373,0.449238579,0,0,0,0.043383948,0.043972795,0.024721134,0.215811966,0,0,0,0,0,0.235294118,0,0,0,0.600217213,0,1,0.093555774,0,0,0.024143302,0.129164953,0.974226804,0.207737595,0.093639698,0.094258144,0.163217623,0.153376139,0,0.838709677,0,0.012389381,0.761830877,0.586326767,0.58413252,0.396860987,0.609375,0.172572178,0.641877934,0.247470817,0.829326923,0.15625,0.066941298,0.008454106,0.005847953,0.133333333,0.036723164,0.031914894,0.386206897,0.141176471,0.140401146,0.049961854,0.026455026,0,0.170212766,0,0.6,0,0.059360731,0.160737813,0,0,1,0.019569472,1,0.17318267,0.05985889,1,0,0.076676573,0.173172789,0,0,0,0,0.498357572,1,0.96400654,0.987799131,0,0.856907382,1,0.813711235,0.881755185
20516,Sarlahi,Balara Municipality,0.220226214,0.323991031,0.122763307,0.237037037,0.304703476,1,0.346020761,0.100719424,0.051724138,0.617449664,0.442336874,0.142699927,0.454434994,0.126201923,0.008752735,0.040540541,0.4578125,0.067398119,0.25,0.438625774,0.39824382,0.104545455,0.120180476,0.245155372,0.623864783,0.981351981,0.182741117,0,0,0.73201544,0.013015184,0.96435272,0.223470003,1,0.088136009,0,0,0.168831169,0.148148148,0.294117647,0,0.423541247,0.744360902,0.468290537,0.033729327,1,0.098789663,0.101511438,0.009966364,0.433800623,0.425832991,0.780927835,0.477712363,0.343760814,0.362104814,0.474187806,0.454225352,0.0629958,0.761290323,0.046403712,0.219469027,0.748642358,0.6396292,0.523975588,0.676008969,0.4578125,0.748687664,0.849014085,0,0.809695513,0.0390625,0.059388946,0.001207729,0.005847953,0.133333333,0.124293785,0.473404255,0.563218391,0.378991597,0.376790831,0.033865943,0,0,0.382978723,1,0,0,0.077625571,1,0,0.25,0,0.093933464,1,0.17318267,0.05985889,1,0,0.076676573,0.173172789,0,0,0,0,0.498357572,1,0.96400654,0.987799131,0,0.856907382,1,0.813711235,0.881755185
20517,Sarlahi,Godaita Municipality,0.523619428,0.785874439,0.25209513,0.244444444,0.701431493,0.211991435,0.235294118,0.09352518,0.057471264,0.120805369,0.325493171,0.118855466,0.362089915,0.315504808,0.04595186,0.060810811,0.4515625,0.205329154,0.666666667,0.540580013,0.519060549,0.26958042,0.516509434,0.157665405,0.713673058,0.602331002,1,0,0,0.919873669,0.036876356,0.616205441,0.284066928,0.286324786,0.104646167,0,0,0.090909091,0.074074074,0.058823529,0.3,0.626760563,0.322838346,0.553666577,0.243772929,1,0.256460582,0.245710784,0.184128566,0.392523364,0.568983957,0.56185567,0.477712363,0.502664544,0.517993283,0.524699599,0.493993372,0.317778815,0.767741935,0.078886311,0.092035398,0.521722265,0.8400927,0.293809939,0.214125561,0.4515625,0.160104987,0.827605634,0.380544747,0.712540064,0.01171875,0.082389289,0.009057971,0.292397661,1,0.177966102,0.021276596,0.542528736,0.608403361,0.606733524,0,0.021164021,0,0.14893617,0,0.6,0.0625,0.050228311,0.17962231,0,0.5,0,0.105675147,0.445325926,0.368371129,0.921898692,0.675547141,0.258072723,0.11569276,0.017974697,0.520671784,0.529162777,0.44277906,0.319613965,0.066590726,0.65316705,0.83245145,0.736326284,0.36679465,0.879181984,0.482799568,1,0.770295025
20518,Sarlahi,Bishnu Gaunpalika,0.338656021,0.447309417,0.128425821,0.162962963,1,0,0.24567474,0,0.022988506,0.583892617,0.492412747,0.072633896,0.405832321,0.151442308,0.052516411,0.054054054,0.1515625,0.191222571,0.333333333,0.091139857,0.068554502,0.221678322,0.233388023,0.032794404,0.379414733,0.455011655,0.197969543,0,0,0.414200491,0.026030369,0.464821764,0.105743141,0.172008547,0.084207942,0,0.081967213,1,0,0,0,0.113682093,0.459586466,0.488054589,0.02595278,0.5,0.068040563,0.123161765,0.005730659,0.148753894,0.052324146,0.81185567,0.194280908,0.053014049,0.062536653,0.079661771,0.068972659,0.030331311,0.948387097,0.011600928,0.015929204,0.781225756,0.635863268,0.60505667,0.552690583,0.1515625,0.646325459,0.676431925,0.762645914,0.635216346,0.056640625,0.013044971,0.014492754,0.005847953,0.133333333,0.429378531,0.074468085,1,0,0,0.021443612,0,0,0.14893617,0,0,0.0625,0.073059361,0.10188845,0,0,0,0.015655577,0.812590452,0,0,0.924246275,0.086017522,0,0.225248278,0.150126797,0.029989263,0.181534584,0.043410861,0.883154854,0.986676407,1,1,0.054695434,1,0.803311831,0.896810217,0.818321324
20519,Sarlahi,Kaudena Gaunpalika,0.302727878,0.670403587,0.326387316,0.82962963,0.286298569,0.239828694,0.124567474,0.134292566,1,0.033557047,0.486342944,0.220469552,0.476609964,0.090745192,0.085339168,0.236486486,0.484375,0.045454545,0.625,0.07931706,0.085199422,0.27027972,0.109823626,0.18128655,0.908678103,0.731002331,0.07106599,0,0,0.71493742,0.054229935,0.320590994,0.094739222,0.061965812,0.042226723,0,0,0,0,0,0,0.401408451,0.15037594,0.564841036,0.489042065,0.5,0.34249264,0.48120915,0.003114489,0.342679128,0.064582476,1,0.268292683,0.067755554,0.075011996,0.109813084,0.086267606,0.260382641,0.664516129,0.034802784,0.053097345,0.873545384,0.543453071,0.823016565,0.329596413,0.484375,0.765091864,0.615774648,0.905058366,0.575320513,0.025390625,0.088225197,0.007246377,0.005847953,0.866666667,0.036723164,0.010638298,0.733333333,0.092436975,0.09025788,0.033865943,0.021164021,0.001677852,0.234042553,0,1,0,0.03652968,0.043917435,0,0,0,0.015655577,0.445325926,0.368371129,0.921898692,0.675547141,0.258072723,0.11569276,0.017974697,0.520671784,0.529162777,0.44277906,0.319613965,0.066590726,0.65316705,0.83245145,0.736326284,0.36679465,0.879181984,0.482799568,1,0.770295025
20520,Sarlahi,Malangawa Municipality,0,1,0.806342016,1,0.323108384,0.571734475,1,0.647482014,0.620689655,1,1,0.64893617,1,0.708533654,0.20131291,1,0.9890625,0.059561129,0,0.545656861,0.523786014,0.521328671,0.665299426,0.291136338,0.712411705,0.853613054,0.063451777,1,1,1,0.151843818,0.116674484,0.250829062,0.707264957,0.044559013,0,0,0.051948052,0,0.176470588,0,0.368209256,0.102913534,1,0.241943953,0.5,0.634281976,0.424632353,0.34969478,0.191588785,0.576470588,0.458762887,0.440706476,0.566198353,0.541717759,0.485870049,0.509631317,0.54829678,0.322580645,0.013921114,1,0.209464701,0,1,0,0.9890625,0.063648294,0.11399061,1,0,0.0234375,0.160659114,0.029589372,0.216374269,0.066666667,0.144067797,0.026595745,0,0.459663866,0.460601719,0.06170969,0.026455026,0,0.106382979,0,0.8,0.125,0.191780822,0.004391744,0,0.5,0,0.039138943,0.445325926,0.368371129,0.921898692,0.675547141,0.258072723,0.11569276,0.017974697,0.520671784,0.529162777,0.44277906,0.319613965,0.066590726,0.65316705,0.83245145,0.736326284,0.36679465,0.879181984,0.482799568,1,0.770295025
